{
    "mode": "TRAINING",
    "model_name": "gat_model_v1_ReLU_LayerNorm_128_64_4x2_d_0.75",
    "train_total_epochs": 2,
    "train_dataset_size": 180,
    "train_num_steps": 360,
    "train_auc_epoch_list": [
        0.8885293224555667,
        0.92331336268692
    ],
    "train_a_auc_epoch_list": [
        0.8201794696110394,
        0.6855335915094959
    ],
    "train_loss_epoch_list": [
        1.077563558353318,
        0.4525577922662099
    ],
    "train_auc_epoch_final": 0.92331336268692,
    "train_auc_epoch_max": 0.92331336268692,
    "train_a_auc_epoch_final": 0.6855335915094959,
    "train_a_auc_epoch_max": 0.8201794696110394,
    "train_loss_epoch_final": 0.4525577922662099,
    "train_loss_epoch_min": 0.4525577922662099,
    "train_a_auc_cos_tresh": 0.7
}