{
    "mode": "TRAINING",
    "model_name": "gat_model_v1_ReLU_LayerNorm_128_64_4x2_d_0.75",
    "train_total_epochs": 2,
    "train_dataset_size": 40,
    "train_num_steps": 80,
    "train_auc_epoch_list": [
        0.8310213968737177,
        0.8936207142157604
    ],
    "train_a_auc_epoch_list": [
        0.8104480228900359,
        0.8146981579496837
    ],
    "train_loss_epoch_list": [
        2.5540369153022766,
        0.9975394323468209
    ],
    "train_auc_epoch_final": 0.8936207142157604,
    "train_auc_epoch_max": 0.8936207142157604,
    "train_a_auc_epoch_final": 0.8146981579496837,
    "train_a_auc_epoch_max": 0.8146981579496837,
    "train_loss_epoch_final": 0.9975394323468209,
    "train_loss_epoch_min": 0.9975394323468209,
    "train_a_auc_cos_tresh": 0.7
}