{
    "mode": "TRAINING",
    "model_name": "gat_model_v2_SwiGLU_RMSNorm_128_64_4x2_d_0.75",
    "train_total_epochs": 2,
    "train_dataset_size": 180,
    "train_num_steps": 360,
    "train_auc_epoch_list": [
        0.906869437859611,
        0.9210339275929501
    ],
    "train_a_auc_epoch_list": [
        0.8061869485209707,
        0.6699931719437462
    ],
    "train_loss_epoch_list": [
        0.9922208067443635,
        0.42384231040875114
    ],
    "train_auc_epoch_final": 0.9210339275929501,
    "train_auc_epoch_max": 0.9210339275929501,
    "train_a_auc_epoch_final": 0.6699931719437462,
    "train_a_auc_epoch_max": 0.8061869485209707,
    "train_loss_epoch_final": 0.42384231040875114,
    "train_loss_epoch_min": 0.42384231040875114,
    "train_a_auc_cos_tresh": 0.7
}