{
    "mode": "TRAINING",
    "model_name": "gat_model_v1_ReLU_LayerNorm_128_64_4x2_d_0.75",
    "train_total_epochs": 2,
    "train_dataset_size": 315,
    "train_num_steps": 630,
    "train_auc_epoch_list": [
        0.90192172309874,
        0.9247231498133792
    ],
    "train_a_auc_epoch_list": [
        0.7639833617536244,
        0.6034014317137628
    ],
    "train_loss_epoch_list": [
        0.80808271604871,
        0.4438296165731218
    ],
    "train_auc_epoch_final": 0.9247231498133792,
    "train_auc_epoch_max": 0.9247231498133792,
    "train_a_auc_epoch_final": 0.6034014317137628,
    "train_a_auc_epoch_max": 0.7639833617536244,
    "train_loss_epoch_final": 0.4438296165731218,
    "train_loss_epoch_min": 0.4438296165731218,
    "train_a_auc_cos_tresh": 0.7
}