{
    "num_edges": 71182,
    "num_nodes": 20000,
    "average_degree": 7.1182,
    "average_clustering": 0.2580546583445004,
    "average_path_length": 3.4482341367068354,
    "modularity": 0.5860242603743868,
    "is_connected": true,
    "filename": "2024_Irish_constitutional_referendums.json"
}