{
    "num_edges": 51548,
    "num_nodes": 20000,
    "average_degree": 5.1548,
    "average_clustering": 0.13309150310443832,
    "average_path_length": 3.5854242612130607,
    "modularity": 0.5707150708877398,
    "is_connected": true,
    "filename": "2024_in_climate_change.json"
}