{
    "num_edges": 38654,
    "num_nodes": 20000,
    "average_degree": 3.8654,
    "average_clustering": 0.18078466835578622,
    "average_path_length": 3.496749732486624,
    "modularity": 0.6349125594761151,
    "is_connected": true,
    "filename": "Agricultural_economics.json"
}