{
    "num_edges": 31743,
    "num_nodes": 20000,
    "average_degree": 3.1743,
    "average_clustering": 0.15319659431180074,
    "average_path_length": 3.4618699384969247,
    "modularity": 0.7139739603850622,
    "is_connected": true,
    "filename": "Agricultural_machinery.json"
}