{
    "num_edges": 32348,
    "num_nodes": 20000,
    "average_degree": 3.2348,
    "average_clustering": 0.13842054654447003,
    "average_path_length": 3.566538511925596,
    "modularity": 0.697295612146924,
    "is_connected": true,
    "filename": "Agriculture_in_Brazil.json"
}