{
    "num_edges": 43387,
    "num_nodes": 20000,
    "average_degree": 4.3387,
    "average_clustering": 0.15158303169176562,
    "average_path_length": 3.4897182209110453,
    "modularity": 0.7036956161251441,
    "is_connected": true,
    "filename": "Agriculture_commissioner.json"
}