{
    "num_edges": 29443,
    "num_nodes": 20000,
    "average_degree": 2.9443,
    "average_clustering": 0.08932027718029853,
    "average_path_length": 3.5371333966698333,
    "modularity": 0.738379874197893,
    "is_connected": true,
    "filename": "Agriculture_in_China.json"
}