{
    "num_edges": 26779,
    "num_nodes": 20000,
    "average_degree": 2.6779,
    "average_clustering": 0.10467283769748628,
    "average_path_length": 3.6783325766288315,
    "modularity": 0.8333153113477397,
    "is_connected": true,
    "filename": "American_Justice.json"
}