{
    "num_edges": 33124,
    "num_nodes": 20000,
    "average_degree": 3.3124,
    "average_clustering": 0.13354927226820115,
    "average_path_length": 3.6062934496724837,
    "modularity": 0.7302157853214092,
    "is_connected": true,
    "filename": "Arms_industry.json"
}