{
    "num_edges": 28154,
    "num_nodes": 20000,
    "average_degree": 2.8154,
    "average_clustering": 0.12306103053458896,
    "average_path_length": 3.7272890844542226,
    "modularity": 0.8310826054282103,
    "is_connected": true,
    "filename": "Atom_economy.json"
}