{
    "num_edges": 45997,
    "num_nodes": 20000,
    "average_degree": 4.5997,
    "average_clustering": 0.1681662987289104,
    "average_path_length": 3.616601170058503,
    "modularity": 0.6167699690267116,
    "is_connected": true,
    "filename": "Business_action_on_climate_change.json"
}