{
    "num_edges": 47585,
    "num_nodes": 20000,
    "average_degree": 4.7585,
    "average_clustering": 0.1849253420327724,
    "average_path_length": 3.530553957697885,
    "modularity": 0.5992355114762365,
    "is_connected": true,
    "filename": "Carbon_pricing_in_Canada.json"
}