{
    "num_edges": 28489,
    "num_nodes": 20000,
    "average_degree": 2.8489,
    "average_clustering": 0.11822056423855097,
    "average_path_length": 3.6619978148907446,
    "modularity": 0.7828066895349078,
    "is_connected": true,
    "filename": "Chemical_industry.json"
}