{
    "num_edges": 28176,
    "num_nodes": 20000,
    "average_degree": 2.8176,
    "average_clustering": 0.12825660393837707,
    "average_path_length": 3.9120604580229013,
    "modularity": 0.8514907101839144,
    "is_connected": true,
    "filename": "Chennai_Smart_City.json"
}