{
    "num_edges": 35526,
    "num_nodes": 20000,
    "average_degree": 3.5526,
    "average_clustering": 0.07015083393050975,
    "average_path_length": 3.5901334366718336,
    "modularity": 0.7148474959615535,
    "is_connected": true,
    "filename": "Child_poverty.json"
}