{
    "num_edges": 32869,
    "num_nodes": 20000,
    "average_degree": 3.2869,
    "average_clustering": 0.1367771976458367,
    "average_path_length": 3.688297204860243,
    "modularity": 0.7339990677518647,
    "is_connected": true,
    "filename": "Circular_economy.json"
}