{
    "num_edges": 28113,
    "num_nodes": 20000,
    "average_degree": 2.8113,
    "average_clustering": 0.11247807505964343,
    "average_path_length": 3.597908555427771,
    "modularity": 0.7893399315454015,
    "is_connected": true,
    "filename": "Climate_change_in_Australia.json"
}