{
    "num_edges": 34614,
    "num_nodes": 20000,
    "average_degree": 3.4614,
    "average_clustering": 0.14007692449251696,
    "average_path_length": 3.5910969548477425,
    "modularity": 0.7131825244633341,
    "is_connected": true,
    "filename": "Climate_change_and_agriculture.json"
}