{
    "num_edges": 31233,
    "num_nodes": 20000,
    "average_degree": 3.1233,
    "average_clustering": 0.08033268183736961,
    "average_path_length": 3.669387659382969,
    "modularity": 0.7683946852218717,
    "is_connected": true,
    "filename": "Climate_Clock.json"
}