{
    "num_edges": 34923,
    "num_nodes": 20000,
    "average_degree": 3.4923,
    "average_clustering": 0.1885802176447884,
    "average_path_length": 3.251480749037452,
    "modularity": 0.6294821469980981,
    "is_connected": true,
    "filename": "Climate_change_in_the_United_States.json"
}