{
    "num_edges": 47022,
    "num_nodes": 20000,
    "average_degree": 4.7022,
    "average_clustering": 0.11823888301089128,
    "average_path_length": 3.609209250462523,
    "modularity": 0.5743771801687894,
    "is_connected": true,
    "filename": "Climate_change_adaptation.json"
}