{
    "num_edges": 29341,
    "num_nodes": 20000,
    "average_degree": 2.9341,
    "average_clustering": 0.12368103686673132,
    "average_path_length": 3.669727601380069,
    "modularity": 0.7752163438985606,
    "is_connected": true,
    "filename": "Climate_Action_Network.json"
}