{
    "num_edges": 32964,
    "num_nodes": 20000,
    "average_degree": 3.2964,
    "average_clustering": 0.14903627585961654,
    "average_path_length": 3.5570266713335665,
    "modularity": 0.7386029802126013,
    "is_connected": true,
    "filename": "Climate_change_in_California.json"
}