{
    "num_edges": 47403,
    "num_nodes": 20000,
    "average_degree": 4.7403,
    "average_clustering": 0.14255847445957676,
    "average_path_length": 3.5524134656732835,
    "modularity": 0.5499463829243796,
    "is_connected": true,
    "filename": "Copernicus_Climate_Change_Service.json"
}