{
    "num_edges": 32005,
    "num_nodes": 20000,
    "average_degree": 3.2005,
    "average_clustering": 0.16361122978325984,
    "average_path_length": 3.571447602380119,
    "modularity": 0.7178985625122383,
    "is_connected": true,
    "filename": "Cost_of_poverty.json"
}