{
    "num_edges": 101083,
    "num_nodes": 20000,
    "average_degree": 10.1083,
    "average_clustering": 0.1641612812886191,
    "average_path_length": 3.5085993049652484,
    "modularity": 0.32179052727230756,
    "is_connected": true,
    "filename": "COVID-19_pandemic_in_Italy.json"
}