{
    "num_edges": 95129,
    "num_nodes": 20000,
    "average_degree": 9.5129,
    "average_clustering": 0.18555406478154235,
    "average_path_length": 3.5498470373518676,
    "modularity": 0.34406108324975754,
    "is_connected": true,
    "filename": "COVID-19_pandemic_in_India.json"
}