{
    "num_edges": 32265,
    "num_nodes": 20000,
    "average_degree": 3.2265,
    "average_clustering": 0.14622592428804881,
    "average_path_length": 3.5979785439271965,
    "modularity": 0.712928505029717,
    "is_connected": true,
    "filename": "Culture_industry.json"
}