{
    "num_edges": 37409,
    "num_nodes": 20000,
    "average_degree": 3.7409,
    "average_clustering": 0.1721155282999429,
    "average_path_length": 3.5617826941347066,
    "modularity": 0.6972458521229065,
    "is_connected": true,
    "filename": "Diffusion_of_innovations.json"
}