{
    "num_edges": 50907,
    "num_nodes": 20000,
    "average_degree": 5.0907,
    "average_clustering": 0.20912047274603188,
    "average_path_length": 3.1427772538626932,
    "modularity": 0.5873880664664026,
    "is_connected": true,
    "filename": "Directorate-General_for_Research_and_Innovation.json"
}