{
    "num_edges": 29342,
    "num_nodes": 20000,
    "average_degree": 2.9342,
    "average_clustering": 0.10426877661511508,
    "average_path_length": 3.7396842092104605,
    "modularity": 0.7738417908507252,
    "is_connected": true,
    "filename": "Disruptive_innovation.json"
}