{
    "num_edges": 49274,
    "num_nodes": 20000,
    "average_degree": 4.9274,
    "average_clustering": 0.17538303881607875,
    "average_path_length": 3.5269074953747688,
    "modularity": 0.675972640085999,
    "is_connected": true,
    "filename": "Drink_industry.json"
}