{
    "num_edges": 33452,
    "num_nodes": 20000,
    "average_degree": 3.3452,
    "average_clustering": 0.14468716441124843,
    "average_path_length": 3.573592909645482,
    "modularity": 0.6939044468212356,
    "is_connected": true,
    "filename": "Eco-socialism.json"
}