{
    "num_edges": 51919,
    "num_nodes": 20000,
    "average_degree": 5.1919,
    "average_clustering": 0.25564292336034516,
    "average_path_length": 3.3079442372118604,
    "modularity": 0.607209157560654,
    "is_connected": true,
    "filename": "Eco-innovation.json"
}