{
    "num_edges": 45515,
    "num_nodes": 20000,
    "average_degree": 4.5515,
    "average_clustering": 0.2102935313932069,
    "average_path_length": 3.53494393719686,
    "modularity": 0.597608864599844,
    "is_connected": true,
    "filename": "Economic_system.json"
}