{
    "num_edges": 29272,
    "num_nodes": 20000,
    "average_degree": 2.9272,
    "average_clustering": 0.09944154365146032,
    "average_path_length": 3.7186896644832244,
    "modularity": 0.7425318835041257,
    "is_connected": true,
    "filename": "Economy_of_Ontario.json"
}