{
    "num_edges": 35344,
    "num_nodes": 20000,
    "average_degree": 3.5344,
    "average_clustering": 0.15698076451350487,
    "average_path_length": 3.596956777838892,
    "modularity": 0.7027804226117702,
    "is_connected": true,
    "filename": "Electric_power_distribution.json"
}