{
    "num_edges": 40700,
    "num_nodes": 20000,
    "average_degree": 4.07,
    "average_clustering": 0.18312912235047346,
    "average_path_length": 3.600282759137957,
    "modularity": 0.668921398559605,
    "is_connected": true,
    "filename": "Electrical_grid.json"
}