{
    "num_edges": 45651,
    "num_nodes": 20000,
    "average_degree": 4.5651,
    "average_clustering": 0.20493819612179792,
    "average_path_length": 3.5236121106055305,
    "modularity": 0.6536041855127811,
    "is_connected": true,
    "filename": "Electric_power.json"
}