{
    "num_edges": 27754,
    "num_nodes": 20000,
    "average_degree": 2.7754,
    "average_clustering": 0.10736905722487572,
    "average_path_length": 3.7158180709035453,
    "modularity": 0.8043422367067287,
    "is_connected": true,
    "filename": "Electronics_industry.json"
}