{
    "num_edges": 46422,
    "num_nodes": 20000,
    "average_degree": 4.6422,
    "average_clustering": 0.2033821962964512,
    "average_path_length": 3.540505530276514,
    "modularity": 0.6887134989424911,
    "is_connected": true,
    "filename": "Energy_supply.json"
}