{
    "num_edges": 37111,
    "num_nodes": 20000,
    "average_degree": 3.7111,
    "average_clustering": 0.1648020529368714,
    "average_path_length": 3.5975665933296663,
    "modularity": 0.6644161489998126,
    "is_connected": true,
    "filename": "Energy_conservation.json"
}