{
    "num_edges": 32649,
    "num_nodes": 20000,
    "average_degree": 3.2649,
    "average_clustering": 0.14402059791425845,
    "average_path_length": 3.5988234361718088,
    "modularity": 0.7337193451728461,
    "is_connected": true,
    "filename": "Extractivism.json"
}