{
    "num_edges": 43451,
    "num_nodes": 20000,
    "average_degree": 4.3451,
    "average_clustering": 0.12761299979314716,
    "average_path_length": 3.6775041402070103,
    "modularity": 0.6592092878491747,
    "is_connected": true,
    "filename": "Fallout_(American_TV_series).json"
}