{
    "num_edges": 24626,
    "num_nodes": 20000,
    "average_degree": 2.4626,
    "average_clustering": 0.11284247347185823,
    "average_path_length": 3.602738391919596,
    "modularity": 0.8071018304871496,
    "is_connected": true,
    "filename": "Flint_water_crisis.json"
}