{
    "num_edges": 29165,
    "num_nodes": 20000,
    "average_degree": 2.9165,
    "average_clustering": 0.1627768591719944,
    "average_path_length": 3.7039875093754686,
    "modularity": 0.7708176628485943,
    "is_connected": true,
    "filename": "Footloose_industry.json"
}