{
    "num_edges": 25086,
    "num_nodes": 20000,
    "average_degree": 2.5086,
    "average_clustering": 0.0902044204431972,
    "average_path_length": 3.7533153757687883,
    "modularity": 0.8426890727341778,
    "is_connected": true,
    "filename": "Gaming_industry.json"
}