{
    "num_edges": 54390,
    "num_nodes": 20000,
    "average_degree": 5.439,
    "average_clustering": 0.18319738739944266,
    "average_path_length": 3.5701647032351618,
    "modularity": 0.5533907807195964,
    "is_connected": true,
    "filename": "Gender_Equality_Bureau.json"
}