{
    "num_edges": 27473,
    "num_nodes": 20000,
    "average_degree": 2.7473,
    "average_clustering": 0.14719613501640003,
    "average_path_length": 3.496714160708035,
    "modularity": 0.7867507495163443,
    "is_connected": true,
    "filename": "Gender_inequality_in_China.json"
}