{
    "num_edges": 40026,
    "num_nodes": 20000,
    "average_degree": 4.0026,
    "average_clustering": 0.20084356766694192,
    "average_path_length": 3.5427116805840293,
    "modularity": 0.6768121975650119,
    "is_connected": true,
    "filename": "Gender_and_development.json"
}