{
    "num_edges": 43202,
    "num_nodes": 20000,
    "average_degree": 4.3202,
    "average_clustering": 0.1597252066223121,
    "average_path_length": 3.5526248912445624,
    "modularity": 0.6329666135316546,
    "is_connected": true,
    "filename": "Gender.json"
}