{
    "num_edges": 29613,
    "num_nodes": 20000,
    "average_degree": 2.9613,
    "average_clustering": 0.15704055434766484,
    "average_path_length": 3.2459706085304267,
    "modularity": 0.6822139664413651,
    "is_connected": true,
    "filename": "Global_Innovation_Index.json"
}