{
    "num_edges": 29054,
    "num_nodes": 20000,
    "average_degree": 2.9054,
    "average_clustering": 0.1539278911212642,
    "average_path_length": 3.277185054252713,
    "modularity": 0.6903809272118772,
    "is_connected": true,
    "filename": "Global_Peace_Index.json"
}