{
    "num_edges": 30006,
    "num_nodes": 20000,
    "average_degree": 3.0006,
    "average_clustering": 0.10961688662279537,
    "average_path_length": 3.6137859392969647,
    "modularity": 0.7384977480275455,
    "is_connected": true,
    "filename": "Green_Revolution.json"
}