{
    "num_edges": 36235,
    "num_nodes": 20000,
    "average_degree": 3.6235,
    "average_clustering": 0.21916891996205873,
    "average_path_length": 3.6713238011900593,
    "modularity": 0.7586048784736208,
    "is_connected": true,
    "filename": "Green_New_Deal.json"
}