{
    "num_edges": 28009,
    "num_nodes": 20000,
    "average_degree": 2.8009,
    "average_clustering": 0.12019073167244558,
    "average_path_length": 3.726213175658783,
    "modularity": 0.8043896702176621,
    "is_connected": true,
    "filename": "Healthcare_industry.json"
}