{
    "num_edges": 30090,
    "num_nodes": 20000,
    "average_degree": 3.009,
    "average_clustering": 0.14904697001098813,
    "average_path_length": 3.735901145057253,
    "modularity": 0.7826366408694597,
    "is_connected": true,
    "filename": "Heavy_industry.json"
}