{
    "num_edges": 39797,
    "num_nodes": 20000,
    "average_degree": 3.9797,
    "average_clustering": 0.13895517329127433,
    "average_path_length": 3.689641252062603,
    "modularity": 0.7366055451723045,
    "is_connected": true,
    "filename": "House_of_the_Dragon.json"
}