{
    "num_edges": 26099,
    "num_nodes": 20000,
    "average_degree": 2.6099,
    "average_clustering": 0.10705804943648543,
    "average_path_length": 3.5298452972648633,
    "modularity": 0.8099635806710814,
    "is_connected": true,
    "filename": "IDP_Education.json"
}