{
    "num_edges": 54120,
    "num_nodes": 20000,
    "average_degree": 5.412,
    "average_clustering": 0.19305790850082333,
    "average_path_length": 3.087133661683084,
    "modularity": 0.5304603037841505,
    "is_connected": true,
    "filename": "Industry_(archaeology).json"
}