{
    "num_edges": 31819,
    "num_nodes": 20000,
    "average_degree": 3.1819,
    "average_clustering": 0.18984962960969962,
    "average_path_length": 3.5166761538076905,
    "modularity": 0.7589417337436991,
    "is_connected": true,
    "filename": "Information_infrastructure.json"
}