{
    "num_edges": 32816,
    "num_nodes": 20000,
    "average_degree": 3.2816,
    "average_clustering": 0.17580710954844292,
    "average_path_length": 3.687778873943697,
    "modularity": 0.7763942438882067,
    "is_connected": true,
    "filename": "Infrastructure.json"
}