{
    "num_edges": 29396,
    "num_nodes": 20000,
    "average_degree": 2.9396,
    "average_clustering": 0.13379406193132173,
    "average_path_length": 3.6072805040252014,
    "modularity": 0.795949455176855,
    "is_connected": true,
    "filename": "Infrastructure_fund.json"
}