{
    "num_edges": 45515,
    "num_nodes": 20000,
    "average_degree": 4.5515,
    "average_clustering": 0.1809372008421622,
    "average_path_length": 3.5210302665133257,
    "modularity": 0.6267374347955953,
    "is_connected": true,
    "filename": "Innovation_management.json"
}