{
    "num_edges": 99967,
    "num_nodes": 20000,
    "average_degree": 9.9967,
    "average_clustering": 0.30057577422054665,
    "average_path_length": 3.543386404320216,
    "modularity": 0.5321068360153356,
    "is_connected": true,
    "filename": "Innovation_method.json"
}