{
    "num_edges": 28174,
    "num_nodes": 20000,
    "average_degree": 2.8174,
    "average_clustering": 0.11743318151259194,
    "average_path_length": 3.6821296814840743,
    "modularity": 0.8136469743698271,
    "is_connected": true,
    "filename": "Innovation.json"
}