{
    "num_edges": 29800,
    "num_nodes": 20000,
    "average_degree": 2.98,
    "average_clustering": 0.16735946923707928,
    "average_path_length": 3.292530031501575,
    "modularity": 0.6933641525156523,
    "is_connected": true,
    "filename": "International_Innovation_Index.json"
}