{
    "num_edges": 34052,
    "num_nodes": 20000,
    "average_degree": 3.4052,
    "average_clustering": 0.10761551485205854,
    "average_path_length": 3.5656332366618333,
    "modularity": 0.7250073909563952,
    "is_connected": true,
    "filename": "International_Court_of_Justice.json"
}