{
    "num_edges": 35318,
    "num_nodes": 20000,
    "average_degree": 3.5318,
    "average_clustering": 0.10444919071953981,
    "average_path_length": 3.601805940297015,
    "modularity": 0.7338460161116901,
    "is_connected": true,
    "filename": "International_Labour_Organization.json"
}