{
    "num_edges": 25774,
    "num_nodes": 20000,
    "average_degree": 2.5774,
    "average_clustering": 0.10571550771545296,
    "average_path_length": 3.775977983899195,
    "modularity": 0.841587882172517,
    "is_connected": true,
    "filename": "Internet_infrastructure.json"
}