{
    "num_edges": 34588,
    "num_nodes": 20000,
    "average_degree": 3.4588,
    "average_clustering": 0.12346327659008391,
    "average_path_length": 3.6596921946097303,
    "modularity": 0.7483685112655696,
    "is_connected": true,
    "filename": "Irrigation.json"
}