{
    "num_edges": 39005,
    "num_nodes": 20000,
    "average_degree": 3.9005,
    "average_clustering": 0.16937898151419764,
    "average_path_length": 3.566454722736137,
    "modularity": 0.6458455375372927,
    "is_connected": true,
    "filename": "List_of_climate_change_initiatives.json"
}