{
    "num_edges": 30544,
    "num_nodes": 20000,
    "average_degree": 3.0544,
    "average_clustering": 0.21111824906630655,
    "average_path_length": 3.7035705935296765,
    "modularity": 0.8319871569402169,
    "is_connected": true,
    "filename": "Measures_of_gender_equality.json"
}