{
    "num_edges": 63636,
    "num_nodes": 20000,
    "average_degree": 6.3636,
    "average_clustering": 0.24578225673564794,
    "average_path_length": 3.4712942347117357,
    "modularity": 0.6571766889672316,
    "is_connected": true,
    "filename": "Ministry_of_Higher_Education_and_Science_(Denmark).json"
}