{
    "num_edges": 26315,
    "num_nodes": 20000,
    "average_degree": 2.6315,
    "average_clustering": 0.07981198085068943,
    "average_path_length": 3.369946077303865,
    "modularity": 0.7564213641210682,
    "is_connected": true,
    "filename": "Minister_of_industry.json"
}