{
    "num_edges": 34831,
    "num_nodes": 20000,
    "average_degree": 3.4831,
    "average_clustering": 0.1995776231372606,
    "average_path_length": 3.5377742137106853,
    "modularity": 0.7384781735658521,
    "is_connected": true,
    "filename": "National_Action_Plan_for_Climate_Change.json"
}