{
    "num_edges": 37648,
    "num_nodes": 20000,
    "average_degree": 3.7648,
    "average_clustering": 0.2139354264477552,
    "average_path_length": 3.4449841792089604,
    "modularity": 0.6327712581778394,
    "is_connected": true,
    "filename": "Oppenheimer_(film).json"
}