{
    "num_edges": 27766,
    "num_nodes": 20000,
    "average_degree": 2.7766,
    "average_clustering": 0.10913319902419025,
    "average_path_length": 3.642637971898595,
    "modularity": 0.7922943952596628,
    "is_connected": true,
    "filename": "Peace_movement.json"
}