{
    "num_edges": 30552,
    "num_nodes": 20000,
    "average_degree": 3.0552,
    "average_clustering": 0.15641052112142262,
    "average_path_length": 3.793413570678534,
    "modularity": 0.815729827737664,
    "is_connected": true,
    "filename": "Phos-Chek.json"
}