{
    "num_edges": 29474,
    "num_nodes": 20000,
    "average_degree": 2.9474,
    "average_clustering": 0.11071837923095866,
    "average_path_length": 3.587301870093505,
    "modularity": 0.7712935695964468,
    "is_connected": true,
    "filename": "Pollution_of_the_Ganges.json"
}