{
    "num_edges": 26640,
    "num_nodes": 20000,
    "average_degree": 2.664,
    "average_clustering": 0.0643748844809944,
    "average_path_length": 3.3898584779238963,
    "modularity": 0.7609555304178052,
    "is_connected": true,
    "filename": "Poverty_in_Africa.json"
}