{
    "num_edges": 34396,
    "num_nodes": 20000,
    "average_degree": 3.4396,
    "average_clustering": 0.12171205866670178,
    "average_path_length": 3.646954387719386,
    "modularity": 0.709245140459989,
    "is_connected": true,
    "filename": "Poverty_in_South_America.json"
}