{
    "num_edges": 38166,
    "num_nodes": 20000,
    "average_degree": 3.8166,
    "average_clustering": 0.1273993500879511,
    "average_path_length": 3.6195282764138206,
    "modularity": 0.7356926779278595,
    "is_connected": true,
    "filename": "Poverty_Point.json"
}