{
    "num_edges": 29509,
    "num_nodes": 20000,
    "average_degree": 2.9509,
    "average_clustering": 0.10554458114188214,
    "average_path_length": 3.643235341767088,
    "modularity": 0.7539150910882043,
    "is_connected": true,
    "filename": "Poverty_threshold.json"
}