{
    "num_edges": 41367,
    "num_nodes": 20000,
    "average_degree": 4.1367,
    "average_clustering": 0.1843485390000879,
    "average_path_length": 3.5526513175658785,
    "modularity": 0.6529338917014849,
    "is_connected": true,
    "filename": "Power_outage.json"
}