{
    "num_edges": 32643,
    "num_nodes": 20000,
    "average_degree": 3.2643,
    "average_clustering": 0.1415037410766577,
    "average_path_length": 3.5395261913095655,
    "modularity": 0.7607878401657898,
    "is_connected": true,
    "filename": "Progressive_education.json"
}