{
    "num_edges": 52129,
    "num_nodes": 20000,
    "average_degree": 5.2129,
    "average_clustering": 0.1884618704095466,
    "average_path_length": 3.6553957447872394,
    "modularity": 0.6699688399010439,
    "is_connected": true,
    "filename": "Public_key_infrastructure.json"
}