{
    "num_edges": 39232,
    "num_nodes": 20000,
    "average_degree": 3.9232,
    "average_clustering": 0.18268346971331698,
    "average_path_length": 3.6040775038751938,
    "modularity": 0.6696408000238967,
    "is_connected": true,
    "filename": "Renewable_energy.json"
}