{
    "num_edges": 37764,
    "num_nodes": 20000,
    "average_degree": 3.7764,
    "average_clustering": 0.17145165199414225,
    "average_path_length": 3.438941537076854,
    "modularity": 0.680414570895878,
    "is_connected": true,
    "filename": "Renewable_energy_in_India.json"
}