{
    "num_edges": 32066,
    "num_nodes": 20000,
    "average_degree": 3.2066,
    "average_clustering": 0.17115181108721753,
    "average_path_length": 3.4304010100505025,
    "modularity": 0.7236548142813521,
    "is_connected": true,
    "filename": "Renewable_energy_in_the_European_Union.json"
}