{
    "num_edges": 32284,
    "num_nodes": 20000,
    "average_degree": 3.2284,
    "average_clustering": 0.18172721315870577,
    "average_path_length": 3.5877158407920398,
    "modularity": 0.7100402436767936,
    "is_connected": true,
    "filename": "Renewable_resource.json"
}