{
    "num_edges": 35643,
    "num_nodes": 20000,
    "average_degree": 3.5643,
    "average_clustering": 0.15763490200911623,
    "average_path_length": 3.649617955897795,
    "modularity": 0.7041134904303864,
    "is_connected": true,
    "filename": "Renewable_energy_commercialization.json"
}