{
    "num_edges": 30995,
    "num_nodes": 20000,
    "average_degree": 3.0995,
    "average_clustering": 0.16478428753259658,
    "average_path_length": 3.645797609880494,
    "modularity": 0.7437919119645277,
    "is_connected": true,
    "filename": "Sabrina_Carpenter.json"
}