{
    "num_edges": 27571,
    "num_nodes": 20000,
    "average_degree": 2.7571,
    "average_clustering": 0.08907961978936638,
    "average_path_length": 3.7519196259812992,
    "modularity": 0.8283427785439198,
    "is_connected": true,
    "filename": "Scales_of_Justice.json"
}