{
    "num_edges": 42779,
    "num_nodes": 20000,
    "average_degree": 4.2779,
    "average_clustering": 0.2154939630106951,
    "average_path_length": 3.4327049452472624,
    "modularity": 0.6730810926409346,
    "is_connected": true,
    "filename": "Sugar_industry.json"
}