{
    "num_edges": 27628,
    "num_nodes": 20000,
    "average_degree": 2.7628,
    "average_clustering": 0.11158250030544975,
    "average_path_length": 3.7459074453722687,
    "modularity": 0.769722835175449,
    "is_connected": true,
    "filename": "Sustainable_city.json"
}