{
    "num_edges": 40544,
    "num_nodes": 20000,
    "average_degree": 4.0544,
    "average_clustering": 0.21974690158307295,
    "average_path_length": 3.6421472823641183,
    "modularity": 0.7185731702871142,
    "is_connected": true,
    "filename": "Sustainable_tourism.json"
}