{
    "num_edges": 37599,
    "num_nodes": 20000,
    "average_degree": 3.7599,
    "average_clustering": 0.2158192464554732,
    "average_path_length": 3.6312234561728087,
    "modularity": 0.7006650476820115,
    "is_connected": true,
    "filename": "Sustainable_architecture.json"
}