{
    "num_edges": 29709,
    "num_nodes": 20000,
    "average_degree": 2.9709,
    "average_clustering": 0.1343844902481934,
    "average_path_length": 3.6856204960248014,
    "modularity": 0.7437071295766313,
    "is_connected": true,
    "filename": "Sustainable_living.json"
}