{
    "num_edges": 36203,
    "num_nodes": 20000,
    "average_degree": 3.6203,
    "average_clustering": 0.1668877716767037,
    "average_path_length": 3.5563857642882146,
    "modularity": 0.6818595208291415,
    "is_connected": true,
    "filename": "Sustainable_agriculture.json"
}