{
    "num_edges": 26398,
    "num_nodes": 20000,
    "average_degree": 2.6398,
    "average_clustering": 0.08497305465478641,
    "average_path_length": 3.7297846192309616,
    "modularity": 0.7929901394438197,
    "is_connected": true,
    "filename": "Sydney_Sweeney.json"
}