{
    "num_edges": 29845,
    "num_nodes": 20000,
    "average_degree": 2.9845,
    "average_clustering": 0.10404509161745719,
    "average_path_length": 3.750337706885344,
    "modularity": 0.782957236389801,
    "is_connected": true,
    "filename": "Technological_innovation.json"
}