{
    "num_edges": 31206,
    "num_nodes": 20000,
    "average_degree": 3.1206,
    "average_clustering": 0.1594939330653356,
    "average_path_length": 3.6216277813890696,
    "modularity": 0.7647645202910093,
    "is_connected": true,
    "filename": "Thermal_power_station.json"
}