{
    "num_edges": 29964,
    "num_nodes": 20000,
    "average_degree": 2.9964,
    "average_clustering": 0.18147700028427122,
    "average_path_length": 3.690499289964498,
    "modularity": 0.8216237126611294,
    "is_connected": true,
    "filename": "Transport.json"
}