{
    "num_edges": 26126,
    "num_nodes": 20000,
    "average_degree": 2.6126,
    "average_clustering": 0.06938591474373652,
    "average_path_length": 3.597026151307565,
    "modularity": 0.7934959511631047,
    "is_connected": true,
    "filename": "UNESCO.json"
}