{
    "num_edges": 28779,
    "num_nodes": 20000,
    "average_degree": 2.8779,
    "average_clustering": 0.1278009726714854,
    "average_path_length": 3.339449237461873,
    "modularity": 0.7069474571763743,
    "is_connected": true,
    "filename": "United_States_Secretary_of_Agriculture.json"
}