{
    "num_edges": 39762,
    "num_nodes": 20000,
    "average_degree": 3.9762,
    "average_clustering": 0.19356631790374523,
    "average_path_length": 3.5340689184459224,
    "modularity": 0.6761360072057534,
    "is_connected": true,
    "filename": "United_Nations_Framework_Convention_on_Climate_Change.json"
}