{
    "num_edges": 40946,
    "num_nodes": 20000,
    "average_degree": 4.0946,
    "average_clustering": 0.17602444685881377,
    "average_path_length": 3.5378025801290063,
    "modularity": 0.6747641236927583,
    "is_connected": true,
    "filename": "Variable_renewable_energy.json"
}