{
    "num_edges": 29336,
    "num_nodes": 20000,
    "average_degree": 2.9336,
    "average_clustering": 0.19689023896421082,
    "average_path_length": 3.5897309465473275,
    "modularity": 0.7636789626349633,
    "is_connected": true,
    "filename": "Water_treatment.json"
}