{
    "num_edges": 31085,
    "num_nodes": 20000,
    "average_degree": 3.1085,
    "average_clustering": 0.15966066826413436,
    "average_path_length": 3.6674099904995248,
    "modularity": 0.7640230954424079,
    "is_connected": true,
    "filename": "Waterborne_disease.json"
}