{
    "num_edges": 30459,
    "num_nodes": 20000,
    "average_degree": 3.0459,
    "average_clustering": 0.13358363885457328,
    "average_path_length": 3.6857658032901646,
    "modularity": 0.7619829001235733,
    "is_connected": true,
    "filename": "Wood_industry.json"
}