{
    "num_edges": 27139,
    "num_nodes": 20000,
    "average_degree": 2.7139,
    "average_clustering": 0.1302524267967049,
    "average_path_length": 3.5366253212660634,
    "modularity": 0.7844148266560412,
    "is_connected": true,
    "filename": "World_Environment_Day.json"
}